Music_Participation,Improve,No effect,Worsen
Both_P,80.72289156626506,16.867469879518072,2.4096385542168677
Composer_P,92.0,8.0,0.0
Instrumentalist_P,82.05128205128204,16.23931623931624,1.7094017094017095
Neither_P,71.35549872122762,25.831202046035806,2.813299232736573
